name,age
Conny,50
Albertine,22
Schuyler,76
Grete,88
Karia,95
Jaine,27
Boone,88
Hilarius,38
Carl,10
Skye,98
Gerianna,17
Ingrim,16
Stewart,39
Cleavland,16
Susie,69
Maia,60
Godfrey,91
Belvia,35
Grethel,31
Trev,23
Shadow,99
Margaret,40
Mable,29
Isabeau,86
Marylee,45
Zerk,14
Keen,58
Gardy,66
Corbett,5
Katha,17
Suki,56
Nehemiah,54
Evy,85
Sandye,34
Wilbur,11
Godfree,92
Joachim,86
Powell,84
Artair,10
Ashlen,22
Sheffy,22
Oliviero,9
Auroora,88
Marjory,83
Harrison,43
Marris,21
Broddy,66
Caril,23
Edyth,16
Bertina,86
Britte,38
Marji,70
Elmore,29
Christalle,47
Clarine,37
Ricardo,31
Pauletta,83
Kali,55
Farris,38
Brittne,85
Royce,96
Hugh,50
Andriana,96
Noel,85
Riane,53
Dillie,42
Gabrielle,48
Fiorenze,68
Efrem,54
Barney,52
Mortimer,27
Giffy,57
Borg,38
Koren,38
Cash,16
Niven,45
Charlotte,10
Valentina,22
Arlee,91
Antonie,74
Theda,86
Marlin,71
Curran,39
Amber,90
Elaine,10
Lanette,43
Cosmo,84
John,26
Allie,75
Corie,53
Bogart,3
Ros,99
Lief,27
Silvan,94
Alice,19
Lexy,99
Paton,78
Byran,48
Sean,85
Fielding,9
Heath,75
Alix,77
Willyt,29
Liam,79
Helene,20
Tressa,94
Violet,37
Noami,38
Jackelyn,27
Kendal,54
Jarrett,62
Sena,45
Peggie,80
Ingelbert,94
Raff,74
Agatha,50
Trixi,81
Farlee,59
Magdalena,81
Dallon,39
Esma,72
Sanson,21
Korney,63
Luther,20
Dori,5
Eunice,64
Golda,55
Nessy,43
Warde,62
Kinna,7
Fleurette,30
Rheba,80
Clovis,34
Marquita,81
Delphinia,93
Grete,55
Maxine,100
Erny,48
Major,11
Alphonse,56
Cristal,27
Rafaela,19
Phelia,94
Ferdinand,80
Meridith,89
Perren,39
Gustav,52
Barbra,3
Liuka,70
Maurine,94
Fee,66
Frances,24
Felipe,11
Jenica,68
Orella,59
Sky,40
Tanitansy,24
Andra,80
Larry,53
Alyssa,58
Rosana,13
Indira,40
Marc,40
Karen,8
Reinhold,95
Sela,31
Morissa,22
Tonia,34
Kendra,71
Wendye,50
Neron,86
Lorrayne,21
Aube,100
Linnie,81
Torrence,49
Gearard,87
Ronna,1
Sandie,51
Enriqueta,80
Marve,13
Logan,98
Sharron,67
Adair,35
Junia,31
Elyn,30
Esther,54
Cheryl,73
Niall,93
Goraud,57
Buiron,39
Ingrim,6
Tabby,81
Natale,56
Louella,46
Elyn,58
Flemming,86
Sigismund,86
Rodrigo,89
Ario,84
Maurice,44
Ruben,33
Batsheva,53
Afton,15
Manon,18
Aloisia,37
Lottie,77
Teri,34
Jerrie,74
Catlee,8
Bird,46
Brannon,48
Marlin,6
Dana,35
Preston,71
Reilly,66
Allis,55
Roana,87
Olenolin,46
Alfy,49
Marty,50
Hubie,62
Ricard,26
Idaline,26
Moore,54
Debora,35
Morgun,10
Dorette,17
Leila,62
Jody,38
Buddie,41
Thurston,21
Kristofer,6
Melanie,84
Lorette,34
Karena,75
Dame,35
Loy,15
Chlo,78
Ruthy,83
Keir,65
North,18
Jaquenette,46
Melony,10
Dilly,7
Orelle,42
Ricki,88
Melloney,7
Brendan,52
Stevie,16
Irina,28
Liuka,94
Rafi,48
Terrence,29
Alley,42
Gene,71
Ambrosius,58
Raviv,40
Godard,28
Kaylyn,72
Lou,57
Clerkclaude,34
Kerry,55
Elvin,70
Nathanael,30
Elbertina,93
Batholomew,8
Lorry,10
Dottie,43
Pail,63
Britte,7
Constantina,87
Consalve,23
Hagen,90
Laura,79
Whitman,86
Willi,80
Nettle,82
Ricki,31
Moritz,32
Yorker,28
Newton,87
Barnie,23
Chucho,10
Else,22
Barron,19
Antin,60
Devy,53
Ingar,94
Conni,4
Rodd,97
Jabez,53
Sarena,84
Dorolice,69
Blakelee,83
Leon,30
Karla,71
Kathryn,65
Torrence,97
Gelya,14
Karleen,5
Sandy,54
Tilly,17
Dorry,94
Roldan,47
Alexandros,25
Fielding,66
Calhoun,16
Sarajane,91
Cristionna,65
Conchita,99
Maggie,66
Marrissa,95
Jarrod,8
Tanny,58
Frazer,55
Coral,42
Krystalle,12
Patrica,87
Natka,68
Washington,99
Padgett,69
Edsel,98
Lenci,31
Yorgos,74
Carlotta,24
Rik,90
Bryon,30
Adriana,28
Eydie,54
Ibrahim,76
Mildred,14
Benjy,80
Micky,33
Leopold,53
Manda,12
Carmelia,4
Micah,13
Terrell,45
Rudd,57
Madonna,52
Vivian,73
Morey,94
Saxe,79
Melly,63
Michele,67
Sadella,72
Channa,76
Corie,92
Rancell,48
Blondelle,84
Andonis,22
Mack,83
Janela,67
Wittie,29
Christi,68
Forster,94
Anabal,85
Padgett,16
Dunn,95
Cacilia,25
Celene,94
Alonzo,60
Devinne,24
Merrick,68
Doralia,51
Dorotea,78
Pincus,56
Glynda,44
Tommy,74
Isobel,20
Bart,89
Avery,47
Martainn,44
Marco,97
Mirilla,45
Vinnie,27
Sue,24
Emmaline,71
Kaleena,39
Chip,44
Anita,88
Sharl,36
Andree,52
Shawnee,72
Ashely,53
Janelle,54
Lacey,31
Thom,82
Domenic,9
Felike,91
Caldwell,22
Viola,14
Virgil,6
Audrey,66
Patsy,8
Klemens,89
Corey,32
Cosetta,44
Albrecht,66
Andromache,44
Cyril,82
Conchita,17
Maurizio,30
Renate,37
Dana,24
Tymon,66
Carmel,71
Bibbie,22
Patsy,10
Leshia,72
Nye,8
Cissiee,37
Mathe,61
Agathe,5
Buiron,26
Milka,11
Vincents,77
Con,82
Gertie,62
Alanson,82
Roxanna,3
Ferrel,49
Corabella,57
Carolyn,34
Bourke,85
Nev,29
Anatol,91
Benji,85
Jordan,30
Kippie,70
Karena,93
Alf,19
Wylma,52
Kathryn,53
Bobbette,21
Celinda,40
Salvidor,8
Drew,69
Rodolphe,60
Tressa,68
Trixy,61
Jarvis,61
Melli,37
Alvina,29
Bernadine,65
Ardyce,36
Arabela,84
Nananne,25
Denni,24
Nyssa,12
Della,77
Tamera,29
Tye,74
Myrtia,60
Horatia,30
Alfie,16
Deloris,9
Shaun,32
Bernard,34
Farlee,49
Elke,44
Layne,50
Benedict,35
Sheelah,53
Patric,50
Timmie,88
Yvon,50
Laurice,41
Lloyd,2
Fonzie,73
Nelly,18
Devy,15
Ali,40
Goraud,34
Athene,83
Sterne,72
Kelly,67
Greg,67
Ashleigh,75
Huntington,52
Darbie,67
Sonnie,90
Cull,32
Reeva,33
Xymenes,68
Adrian,80
Gabby,88
Brett,37
Shane,66
Rance,71
Bryant,39
Davie,49
Cleo,9
Meade,66
Andy,47
Brenna,19
Mandie,25
Ainsley,7
Demetrius,12
Sue,98
